{"cameraMode":{"drawMode":0,"name":"Shaded","section":"Shading Mode"},"sceneLighting":true,"audioPlay":false,"sceneViewState":{"m_AlwaysRefresh":false,"showFog":true,"showSkybox":true,"showFlares":true,"showImageEffects":true,"showParticleSystems":true,"showVisualEffectGraphs":true,"m_FxEnabled":true},"in2DMode":false,"pivot":{"x":124.35160064697266,"y":-0.24599862098693849,"z":128.97914123535157},"rotation":{"x":0.01514914445579052,"y":0.9723466634750366,"z":-0.06604419648647309,"w":0.22358889877796174},"size":4.012303829193115,"orthographic":false}