{"cameraMode":{"drawMode":0,"name":"Shaded","section":"Shading Mode"},"sceneLighting":true,"audioPlay":false,"sceneViewState":{"m_AlwaysRefresh":false,"showFog":true,"showSkybox":true,"showFlares":true,"showImageEffects":true,"showParticleSystems":true,"showVisualEffectGraphs":true,"m_FxEnabled":true},"in2DMode":false,"pivot":{"x":125.2065200805664,"y":1.5310066938400269,"z":129.87818908691407},"rotation":{"x":0.1299838274717331,"y":0.22300952672958375,"z":-0.03005925565958023,"w":0.9656678438186646},"size":6.781476974487305,"orthographic":false}