{"cameraMode":{"drawMode":0,"name":"Shaded","section":"Shading Mode"},"sceneLighting":true,"audioPlay":false,"sceneViewState":{"m_AlwaysRefresh":false,"showFog":true,"showSkybox":true,"showFlares":true,"showImageEffects":true,"showParticleSystems":true,"showVisualEffectGraphs":true,"m_FxEnabled":true},"in2DMode":false,"pivot":{"x":127.29835510253906,"y":0.7861933708190918,"z":129.46139526367188},"rotation":{"x":0.08072776347398758,"y":0.8871265053749085,"z":-0.1699899286031723,"w":0.42146509885787966},"size":3.9746596813201906,"orthographic":false}