{"cameraMode":{"drawMode":0,"name":"Shaded","section":"Shading Mode"},"sceneLighting":true,"audioPlay":false,"sceneViewState":{"m_AlwaysRefresh":false,"showFog":true,"showSkybox":true,"showFlares":true,"showImageEffects":true,"showParticleSystems":true,"showVisualEffectGraphs":true,"m_FxEnabled":true},"in2DMode":false,"pivot":{"x":125.76227569580078,"y":1.6575452089309693,"z":126.44715881347656},"rotation":{"x":-0.025050878524780275,"y":-0.9747278690338135,"z":0.16413161158561707,"w":-0.14924459159374238},"size":8.92676067352295,"orthographic":false}